{
    "pages": [ //pages数组中第一项表示应用启动页,
        {
            "path": "pages/main/main",
            "style": {
                "navigationBarTitleText": "首页"
            }
        }, {
            "path": "pages/login/login",
            "style": {
                "navigationBarTitleText": "登录"
            }
        }, {
            "path": "pages/login/diyHost",
            "style": {
                "navigationBarTitleText": "自定义域名"
            }
        }, {
            "path": "pages/reg/reg",
            "style": {
                "navigationBarTitleText": "注册"
            }
        }, {
            "path": "pages/pwd/pwd",
            "style": {
                "navigationBarTitleText": "找回密码"
            }
        },  {
            "path": "pages/user/accountEdit",
            "style": {
                "navigationBarTitleText": "账号管理"
            }
        }, {
            "path": "pages/user/user",
            "style": {
                "navigationBarTitleText": "我的"
            }
        }, {
            "path": "pages/pointCheck/pointCheck",
            "style": {
                "navigationBarTitleText": "应用中心",
				"app-plus": {  
					"titleNView": {  
						"buttons": [{  
							"text": "\ue60b",
							"fontSrc": "/static/aliIcon/iconfont.ttf",
							"fontSize": "22px"
						}]  
					}  
				}
            }
        }, {
            "path": "pages/pointList/uni-tabs",
            "style": {
                "navigationBarTitleText": "点位检查",
				"app-plus": {  
					"titleNView": {  
						"buttons": [{  
							"text": "\ue671",
							"fontSrc": "/static/aliIcon/iconfont.ttf",
							"fontSize": "22px"
						}]  
					}  
				} 
            }
        }, {
            "path": "pages/pointList/pointList",
            "style": {
                "navigationBarTitleText": "点位检查",
				// "enablePullDownRefresh":true,//开启下拉刷新
				"app-plus": {  
					"titleNView": {  
						"buttons": [{  
							"text": "\ue671",
							"fontSrc": "/static/aliIcon/iconfont.ttf",
							"fontSize": "22px"
						}]  
					}  
				} 
            }
        }, {
            "path": "pages/pointDetail/pointDetail",
            "style": {
                "navigationBarTitleText": "点位详情"
            }
        }, {
            "path": "pages/pointAdd/pointAdd",
            "style": {
                "navigationBarTitleText": "新增检查",
				"app-plus": {  
					"titleNView": {  
						"buttons": [{  
							"text": "一键正常",  
							"fontSrc": "/static/uni.ttf",  
							"fontSize": "14px",
							"width": "70px"
						}]  
					}  
				} 
            }
        }, {
            "path": "pages/pointAdd/pointCheckInfo",
            "style": {
                "navigationBarTitleText": "检查结论"
            }
        },  {
            "path": "pages/mpvue-echarts/chartList",
            "style": {
                "navigationBarTitleText": "数据统计"
            }
        },{
            "path": "pages/mpvue-echarts/deviceChart",
            "style": {
                "navigationBarTitleText": "报警设备类型统计",
				"app-plus": {  
					"titleNView": {  
						"buttons": [{  
							"text": "\ue671",
							"fontSrc": "/static/aliIcon/iconfont.ttf",
							"fontSize": "22px"
						}]  
					}  
				} 
            }
        },{
            "path": "pages/mpvue-echarts/eventChart",
            "style": {
                "navigationBarTitleText": "报警事件类型统计",
				"app-plus": {  
					"titleNView": {  
						"buttons": [{  
							"text": "\ue671",
							"fontSrc": "/static/aliIcon/iconfont.ttf",
							"fontSize": "22px"
						}]  
					}  
				} 
            }
        },{
            "path": "pages/mpvue-echarts/valveChart",
            "style": {
                "navigationBarTitleText": "阀组压力统计",
				"app-plus": {  
					"titleNView": {  
						"buttons": [{  
							"text": "\ue671",
							"fontSrc": "/static/aliIcon/iconfont.ttf",
							"fontSize": "22px"
						}]  
					}  
				} 
            }
        },{
            "path": "pages/mpvue-echarts/mpvue-echarts",
            "style": {
                "navigationBarTitleText": "ECharts图表"
            }
        }, {
            "path": "pages/uni-tabs/uni-tabs",
            "style": {
                "navigationBarTitleText": "点位检查11"
            }
        },{
            "path": "pages/common/inputPage",
            "style": {
                "navigationBarTitleText": "输入内容"
            }
        },{
			"path": "pages/danger/dangerList",
			"style": {
				"navigationBarTitleText": "隐患审批"
			}
		},{
			"path": "pages/danger/addDanger",
			"style": {
				"navigationBarTitleText": "隐患上报"
			}
		},{
            "path": "pages/statistics/statistics",
            "style": {
                "navigationBarTitleText": "数据统计"
            }
        },{
            "path": "pages/danger/detailDanger",
            "style": {
                "navigationBarTitleText": "隐患整改审批"
            }
        },{
            "path": "pages/danger/readHistory",
            "style": {
                "navigationBarTitleText": "审批阅读历史列表"
            }
        }
    ],
    "tabBar": {
        "color": "#7a7e83",
        "selectedColor": "#0faeff",
        "backgroundColor": "#ffffff",
        "list": [{
            "pagePath": "pages/main/main",
            "text": "首页",
            "iconPath": "static/img/home.png",
            "selectedIconPath": "static/img/homeHL.png"
        }, {
            "pagePath": "pages/pointCheck/pointCheck",
            "text": "应用",
            "iconPath": "static/img/point.png",
            "selectedIconPath": "static/img/pointHL.png"
        }, {
            "pagePath": "pages/user/user",
            "text": "我的",
            "iconPath": "static/img/user.png",
            "selectedIconPath": "static/img/userHL.png"
        }]
    },
    "globalStyle": {
        "navigationBarTextStyle": "white",
        "navigationBarBackgroundColor": "#2D68AA",
        "backgroundColor": "#fbf9fe"
    }
}
